{
  "best_solution": {
    "eval_id": 16,
    "params": {
      "current1": 3.229399619110401,
      "charging_number": 11,
      "current2": 3.2248866037078643
    },
    "objectives": {
      "time": 58.73129330256942,
      "temp": 304.28705330591924,
      "aging": 1.3466190658461272
    },
    "normalized": {
      "time": 0.2638497353875196,
      "temp": 0.2951415692633453,
      "aging": 0.24223439388241552
    },
    "scalarized": 0.11900979624839698,
    "valid": 