{
  "best_solution": {
    "eval_id": 17,
    "params": {
      "current1": 4.233555260561812,
      "charging_number": 10,
      "current2": 3.7053832983673094
    },
    "objectives": {
      "time": 48.43641737180434,
      "temp": 305.94840551003057,
      "aging": 1.2763812314651801
    },
    "normalized": {
      "time": 0.08601899525663957,
      "temp": 0.0813347799668935,
      "aging": 0.06216602398408191
    },
    "scalarized": 0.03832841195701028,
    "valid": 