{
  "best_solution": {
    "eval_id": 9,
    "params": {
      "current1": 4.042037279876935,
      "charging_number": 6,
      "current2": 3.2498954980761336
    },
    "objectives": {
      "time": 51.80386691562183,
      "temp": 304.37661065460424,
      "aging": 1.2208532814238993
    },
    "normalized": {
      "time": 0.15262310240901258,
      "temp": 0.2864995954930099,
      "aging": 0.28574008746157475
    },
    "scalarized": 0.11191281448513107,
    "valid": 