{
  "best_solution": {
    "eval_id": 25,
    "params": {
      "current1": 3.3383763596610625,
      "charging_number": 8,
      "current2": 3.4500165736754833
    },
    "objectives": {
      "time": 51.96908122070367,
      "temp": 305.02670658127994,
      "aging": 1.1974961563169728
    },
    "normalized": {
      "time": 0.28749210867393604,
      "temp": 0.2696345722060072,
      "aging": 0.09109886630239697
    },
    "scalarized": 0.12660402648543823,
    "valid": 