{
  "best_solution": {
    "eval_id": 29,
    "params": {
      "current1": 3.9772908430390994,
      "charging_number": 5,
      "current2": 3.1490676848896166
    },
    "objectives": {
      "time": 52.967226810766725,
      "temp": 304.05111658836967,
      "aging": 1.210073906993557
    },
    "normalized": {
      "time": 0.08537180745412704,
      "temp": 0.04941939703965445,
      "aging": 0.108339253280595
    },
    "scalarized": 0.03807523924493475,
    "valid": 