{
  "best_solution": {
    "eval_id": 15,
    "params": {
      "current1": 3.7174786586244504,
      "charging_number": 6,
      "current2": 2.850286605264901
    },
    "objectives": {
      "time": 60.74526452426467,
      "temp": 303.2092780762218,
      "aging": 1.3269006270038517
    },
    "normalized": {
      "time": 0.1559955409460169,
      "temp": 0.20508096864712708,
      "aging": 0.08995746839555287
    },
    "scalarized": 0.07961163515168394,
    "valid": 