{
  "BO": [
    {
      "best_solution": {
        "eval_id": 17,
        "params": {
          "current1": 3.8130828902148584,
          "charging_number": 6,
          "current2": 3.2383442206109536
        },
        "objectives": {
          "time": 52.42229465842859,
          "temp": 304.3353729958599,
          "aging": 1.2110769526707656
        },
        "normalized": {
          "time": 0.3582889540208222,
          "temp": 0.3991956817202411,
          "aging": 0.18442205296810224
        },
        "scalarized": 0.34277868214973567,
        "valid": 