{
  "BO": {
    "scalarized": {
      "best": 0.4376425363422309,
      "mean": 0.438021606997093,
      "std": 0.0005152609578427927,
      "median": 0.43767218976540373,
      "all_values": [
        0.4376425363422309,
        0.43875009488364447,
        0.43767218976540373
      ]
    },
    "runtime": {
      "mean": 55.95384216308594,
      "std": 2.7901015648269185,
      "all_values": [
        56.059102058410645,
        52.48526573181152,
        59.317158699035645
      ]
    },
    "objectives": {
      "time": {
        "mean": 5900.0,
        "std": 0.0
      },
      "temp": {
        "mean": 301.47072439817276,
        "std": 0.3238783163583219
      },
      "aging": {
        "mean": 1.1501284188218126,
        "std": 0.08492521087758331
      }
    },
    "n_trials": 3
  },
  "GA": {
    "scalarized": {
      "best": 0.43758375012136846,
      "mean": 0.4377208335193716,
      "std": 9.89241649527036e-05,
      "median": 0.4377651865410357,
      "all_values": [
        0.43781356389571047,
        0.43758375012136846,
        0.4377651865410357
      ]
    },
    "runtime": {
      "mean": 411.34145108858746,
      "std": 23.89222723825635,
      "all_values": [
        443.78433418273926,
        386.9436848163605,
        403.2963342666626
      ]
    },
    "objectives": {
      "time": {
        "mean": 5900.0,
        "std": 0.0
      },
      "temp": {
        "mean": 301.281666783605,
        "std": 0.062180903684554756
      },
      "aging": {
        "mean": 1.2161009966393976,
        "std": 0.04206127815699281
      }
    },
    "n_trials": 3
  },
  "PSO": {
    "scalarized": {
      "best": 0.4395997605827803,
      "mean": 0.441274059234122,
      "std": 0.0011899214175281742,
      "median": 0.44196487848966115,
      "all_values": [
        0.44196487848966115,
        0.4422575386299247,
        0.4395997605827803
      ]
    },
    "runtime": {
      "mean": 335.1933368841807,
      "std": 25.728114483852927,
      "all_values": [
        322.363431930542,
        312.1218693256378,
        371.0947093963623
      ]
    },
    "objectives": {
      "time": {
        "mean": 6800.6437463347875,
        "std": 388.2490585405707
      },
      "temp": {
        "mean": 303.5151229471624,
        "std": 0.747950605303414
      },
      "aging": {
        "mean": 1.2898428363481287,
        "std": 0.110988464429665
      }
    },
    "n_trials": 3
  }
}