{
  "BO": {
    "scalarized": {
      "best": 0.13700394130914142,
      "mean": 0.17157205671062728,
      "std": 0.02727856308296085,
      "median": 0.17402492922613372,
      "all_values": [
        0.20368729959660672,
        0.17402492922613372,
        0.13700394130914142
      ]
    },
    "runtime": {
      "mean": 59.47357861200968,
      "std": 3.6103594053481753,
      "all_values": [
        64.51838207244873,
        57.63272738456726,
        56.26962637901306
      ]
    },
    "objectives": {
      "time": {
        "mean": 56.172417165256434,
        "std": 8.342156623875328
      },
      "temp": {
        "mean": 303.9597555049022,
        "std": 1.6345948809486746
      },
      "aging": {
        "mean": 1.0741050121550302,
        "std": 0.024720803600912482
      }
    },
    "n_trials": 3
  },
  "GA": {
    "scalarized": {
      "best": 0.05197950598668391,
      "mean": 0.09435886220570176,
      "std": 0.047890798020586656,
      "median": 0.06979610401484375,
      "all_values": [
        0.06979610401484375,
        0.05197950598668391,
        0.16130097661557763
      ]
    },
    "runtime": {
      "mean": 433.75020027160645,
      "std": 9.265926033448855,
      "all_values": [
        443.5179793834686,
        436.43129229545593,
        421.3013291358948
      ]
    },
    "objectives": {
      "time": {
        "mean": 57.62080053514969,
        "std": 6.814655323008596
      },
      "temp": {
        "mean": 303.36358397381184,
        "std": 1.3831465584137856
      },
      "aging": {
        "mean": 1.1734015021816664,
        "std": 0.06701425354383937
      }
    },
    "n_trials": 3
  }
}